"","baseMean","log2FoldChange","lfcSE","pvalue","padj"
"9008",1137.88934391006,3.05647815397668,0.0882049691498889,3.63924150299714e-264,4.41406910299889e-261
"3656",749.895782398692,2.28419033802747,0.0848331349709867,7.01228956348001e-161,3.59838335984424e-158
"5559",807.633650384759,1.84357058562761,0.0699666304335203,7.50821363882823e-154,3.71016986552764e-151
"9994",4677.24640998446,1.7617777351137,0.07609251431267,1.80236244163596e-119,5.59235341774581e-117
"3050",1931.14799207287,1.34068424070355,0.0587653581143084,4.7331971820413e-116,1.40334037339544e-113
"11879",261.067977750989,3.0258268533312,0.134016617471593,8.64834796949528e-114,2.45502677891502e-111
"5652",895.839809025949,1.7148572074543,0.0795356190123469,6.2248181060896e-104,1.48306291377585e-101
"8970",1020.46136584764,1.75675951135598,0.0830772274661926,6.78032341447242e-100,1.48300122944084e-97
"11340",1458.03698163604,1.53026744632121,0.0797745182244654,8.42842261312351e-83,1.37136603054017e-80
"5231",379.477581791178,2.32623819242313,0.123394016037061,3.86263344782946e-80,5.99247156522565e-78
"2286",274.990380697718,2.15858197878218,0.12145927798379,1.58117487816587e-71,2.06823874749893e-69
"5308",1551.19627220544,1.13208523273426,0.0640704104549774,1.93846375679761e-70,2.48682533107632e-68
"1007",577.596107089068,1.37717526425286,0.0824626819017508,2.74162301595914e-63,3.09989273550228e-61
"299",162.540314817924,2.65349479396252,0.17294006050707,4.32627857282308e-54,4.18269628395693e-52
"15032",477.112548922769,1.40072097785217,0.0965597061802684,2.14365492387624e-48,1.86932313688607e-46
"5196",362.482061499262,1.3853391114671,0.0959559285138266,6.35433181311344e-48,5.46964484197158e-46
"8112",171.123110138705,2.59325260578694,0.195292538749049,4.18290804515091e-41,2.95282323483616e-39
"11191",80.401558551315,3.38985310232118,0.260432956602624,1.22806439696707e-39,8.35960978792583e-38
"9256",306.478467401578,1.49443901597996,0.122681535589644,6.56980655479471e-35,3.77820513164099e-33
"10251",312.208451817299,1.50834807140123,0.134566730446294,6.33883402773851e-30,2.99903275170522e-28
"782",450.47016360779,1.02138913033301,0.091012307764439,9.78654340831466e-30,4.56545671866203e-28
"1951",116.874911498241,2.19732791128888,0.201477168707823,1.2208320247477e-28,5.46588619939052e-27
"3268",68.5382939201925,2.34797722309357,0.239304463605448,1.07032309122263e-23,3.97778570559676e-22
"5605",62.5439047918317,6.677588120082,0.667065434395729,3.44277140750852e-23,1.23145994957047e-21
"9229",88.1581348954909,2.05476414595806,0.221253900098365,1.97148608034e-21,6.55949308825343e-20
"2573",229.943615540179,1.16598242130223,0.125521998933939,4.10085566642562e-21,1.34431489684154e-19
"4377",179.343791591784,1.39121701765075,0.153050882070832,1.89513321239588e-20,6.03457453932837e-19
"8291",159.606286469982,1.66316700037464,0.184871131087638,3.51245982153715e-20,1.10526506931483e-18
"5314",76.4314334477457,2.20593675600835,0.246490596907413,5.58958140539418e-20,1.72630081274929e-18
"12410",115.063387752623,1.55246479875702,0.177386291582222,3.56957509618306e-19,1.03308613738122e-17
"2285",129.460777483677,1.58680084933276,0.183064871463175,7.70305749383516e-19,2.21019770070427e-17
"2039",254.418684581123,1.25424198792854,0.146179471530504,2.17717006304234e-18,6.07694623035794e-17
"2058",174.99768359926,1.48140158781736,0.173385343666332,2.21303633641743e-18,6.16416091868087e-17
"4744",129.245360965208,1.40803724877547,0.165949874398197,4.48405240467603e-18,1.22846462388476e-16
"183",187.648955446303,1.22828420386376,0.14607437870322,9.9569210439451e-18,2.68374223370334e-16
"460",151.008030699263,1.1473970214497,0.13830916957475,3.57893004793735e-17,9.47422315467859e-16
"4115",66.354986074126,1.91747285811987,0.238274513433356,1.13025958555539e-16,2.88335055267305e-15
"11371",189.853189608092,1.21817702842734,0.151796876417055,2.43163453931136e-16,6.00793852286893e-15
"11283",139.828244100691,1.38745934921652,0.178384984421526,1.42158393840673e-15,3.32167651597593e-14
"8404",161.300693638186,1.19468867886258,0.153837154441461,2.08384223886777e-15,4.8184788823178e-14
"11300",229.457133562631,1.29044635236085,0.1695941577988,6.18099675013029e-15,1.39067215244921e-13
"6552",47.7140591268966,2.22806968400699,0.296070632199949,7.13922480994027e-15,1.59818015795676e-13
"7181",27.6181765878195,3.27198413675894,0.437621446968944,9.82151927901443e-15,2.18034459601681e-13
"1221",127.06726685241,1.24758693756684,0.168692824254892,3.44241965770994e-14,7.41983248354863e-13
"13634",61.4560863797977,2.07827684524528,0.285598164702555,4.05029305037813e-14,8.68794371031269e-13
"1123",70.7871789852716,1.78182692926369,0.245317889976985,5.79283664582842e-14,1.22679407188322e-12
"1617",100.21502090665,1.32192612564473,0.181211193532893,6.45487540837726e-14,1.35837456937807e-12
"3064",45.6547166879642,2.14569823060051,0.299215017513906,8.25677478091587e-14,1.72127951760905e-12
"2598",56.6251236332603,2.08387492204547,0.297152794784459,2.77957858031762e-13,5.5599906174809e-12
"9331",56.3242989355593,1.7259479479295,0.245292443397402,2.9200250337546e-13,5.81477223885879e-12
"10496",125.926506778373,1.20274021561338,0.169838107529998,3.47180913438258e-13,6.85220080930953e-12
"4139",138.508275031074,1.24303810494884,0.175610130986166,3.5475007083286e-13,6.99124881100742e-12
"365",83.5740632645379,1.52799577094177,0.218224450964988,4.35322159319706e-13,8.50376024837997e-12
"10572",71.0636108983782,1.75316880230642,0.25260995345949,5.45167436656034e-13,1.05721278195709e-11
"6556",38.9319968857569,2.15313514875615,0.317138264172727,1.38136574554847e-12,2.61421018115003e-11
"8760",98.7474334288727,1.28541040656688,0.187728704481645,1.66629383846571e-12,3.140069547007e-11
"10102",30.6346749354169,2.79295727574286,0.415529186714695,2.05184909801382e-12,3.83951902744745e-11
"13619",23.3797683687915,4.42797739287718,0.663525793176142,5.42567095971607e-12,9.90277728379368e-11
"5568",144.730099037254,1.12108359174547,0.167433401011224,5.9618939362082e-12,1.07856453660623e-10
"2623",48.6109706898081,2.03938787463852,0.311170834320386,7.24220835137686e-12,1.2935146428925e-10
"4295",99.6319434397241,1.17324391241529,0.177752775758736,1.04666649713183e-11,1.83987146307417e-10
"7012",45.8200044268531,1.89442637788065,0.291800141258685,1.15647453595752e-11,2.03022148141385e-10
"2073",173.557279217045,1.31568579803838,0.204903174015306,2.75182527018156e-11,4.71913274482806e-10
"6522",47.7483076233992,1.83803798745877,0.289977934468537,3.18333274713861e-11,5.41735019289839e-10
"10031",39.8194485539855,1.83332120721309,0.295295999064303,7.52588702082184e-11,1.2488853809926e-09
"11254",71.3588264139137,1.77162178671655,0.289025124855094,1.20391619560895e-10,1.95647379802858e-09
"13816",88.2116008530526,1.64995629819027,0.271682757579034,1.92080964220058e-10,3.05816733248689e-09
"3910",124.031508781124,1.12727410398949,0.183407734141708,2.12336796177259e-10,3.37663591727889e-09
"10839",102.233931175621,1.07168539666848,0.174395108984313,2.37243267201005e-10,3.75035506042157e-09
"11872",55.407915360224,1.43525357561686,0.238194033059828,3.15189898946306e-10,4.87849609250767e-09
"1402",162.907274119661,1.0211632428522,0.16711184603784,3.1758673420287e-10,4.90989827083973e-09
"10851",242.321774303877,1.08908505825367,0.179442655367806,3.52699558094654e-10,5.42758650991797e-09
"6160",34.5910146530483,1.88169783329979,0.319006751908093,4.74129450849365e-10,7.23779763527715e-09
"2661",110.037256751987,1.24493941752327,0.209948116554388,7.11848217227476e-10,1.06593478274399e-08
"10297",67.9431512687631,1.40042949056536,0.237504909879614,7.1375983468954e-10,1.0675990711242e-08
"10880",86.7239450810348,1.17597103834314,0.19806492451832,7.52929739422507e-10,1.12366762677574e-08
"4956",63.9265109718405,1.30448869874696,0.221710286364911,8.74199752834946e-10,1.29451421779399e-08
"4695",103.420066857375,1.15470701172957,0.195941041545843,9.45965915421089e-10,1.39459417055781e-08
"10779",46.4935733231219,1.57593053044954,0.271159101982244,9.83414954345267e-10,1.44660665059256e-08
"4779",52.7051717991954,1.60581078427036,0.276747765528218,1.07453219992533e-09,1.57716266352076e-08
"7383",129.905981406017,1.1998513711235,0.205372827335817,1.22749587363101e-09,1.79182165710995e-08
"2154",66.0124429823766,1.34056750624189,0.233342647706159,1.91630478622725e-09,2.73740240448008e-08
"3654",117.906265727935,1.02684469901491,0.179478715468581,3.20767282263687e-09,4.46730384129657e-08
"14860",105.371560019062,1.05259361567325,0.184198721543111,3.35536169753608e-09,4.65355881169712e-08
"5566",39.6913673230915,1.75225979738612,0.313976304730221,3.53427608259698e-09,4.88139870538394e-08
"14970",73.5947194838979,1.26646757271615,0.225795508191573,4.47027684437914e-09,6.08596261813332e-08
"4649",78.6129557434439,1.20079971383562,0.213542629220728,4.48964444581251e-09,6.10609951029873e-08
"4389",70.4860892483239,1.25818801879222,0.225374381227056,5.39700482673294e-09,7.2514439474593e-08
"3346",105.363976891074,1.04410799956196,0.185806846522262,5.79230860512507e-09,7.75135219755052e-08
"11011",137.504120600199,1.01158526984881,0.179631569076505,5.78994763972515e-09,7.75135219755052e-08
"14406",37.4414311595083,1.68104984478633,0.305639376309471,5.78781864549923e-09,7.75135219755052e-08
"160",21.3748048187741,2.34985628642767,0.432086541016708,5.93403228390534e-09,7.93305197714079e-08
"3312",45.9588134458247,1.62130389194618,0.294911329823732,6.34255148946838e-09,8.44534151422027e-08
"7163",31.6543973591534,1.86071368520208,0.344452018588389,9.189412181135e-09,1.20319074897648e-07
"666",72.4766230899879,1.17854841290238,0.216433970160744,1.23521619314897e-08,1.60469858315419e-07
"8983",33.8907287699037,1.88496579193221,0.35260201920137,1.32259901977872e-08,1.71155345508125e-07
"6351",92.806374244159,1.03568637238415,0.189280028765208,1.36231204406058e-08,1.75953216765308e-07
"2521",49.5442858355043,1.4762324460604,0.274647161002483,1.40577469974657e-08,1.81215903806944e-07
"618",24.3066700940626,2.23145466272485,0.422512717666168,1.45610688303803e-08,1.86801711860513e-07
"11640",54.236117745654,1.45156131330195,0.27142206182524,1.60719303056634e-08,2.04610395170002e-07
"13700",26.05124781335,2.02650021054956,0.384504639022151,1.69265458992208e-08,2.14671079265593e-07
"9021",34.6612960825163,1.8178427181131,0.34456539789699,1.85818193672861e-08,2.34771433710541e-07
"9831",59.1099121673922,1.36179122471704,0.25564822348617,1.97867122669747e-08,2.49286416492895e-07
"9661",39.1896587006644,1.65286003194656,0.313261036018043,2.1328591907796e-08,2.66447634114058e-07
"10152",37.1001082582568,1.95452294938876,0.374270328977997,2.14188208531658e-08,2.67324516204806e-07
"16",32.9825018922356,2.05916737511265,0.398627929334227,2.87147441268287e-08,3.5277358760603e-07
"13652",23.5805214051628,1.98779726727095,0.384683873341721,2.98401444866215e-08,3.65925742408551e-07
"5253",97.4997636621525,1.07732891984333,0.202668259283016,3.05543979703548e-08,3.74340475409067e-07
"6652",64.3737026378097,1.15192823920867,0.218710462414832,3.58936973788974e-08,4.37345854273287e-07
"6281",22.6700627388657,2.06932945587322,0.405838312117764,4.28618172323157e-08,5.17991273110106e-07
"1943",54.4412355125827,1.47309129368227,0.286783546576994,5.06560405128484e-08,6.05060781130191e-07
"7493",84.2626517810147,1.03820946616552,0.198578382301221,5.25699945009833e-08,6.27360345824793e-07
"776",95.8508357558558,1.07822761592433,0.207079302206763,5.33538812469396e-08,6.35011136125485e-07
"12012",76.2737452480136,1.45122514776857,0.283505910874347,5.86213345813322e-08,6.9214676635764e-07
"5805",39.2915736644916,2.07754611654967,0.416174143254875,6.41577133861829e-08,7.52189992968763e-07
"8931",39.5324511161001,1.64095902175187,0.324628960328836,6.60037114643152e-08,7.7179800031279e-07
"5104",21.0336002836796,2.47162069238153,0.498322238626889,6.64645738438106e-08,7.7650643101937e-07
"612",46.6156236221303,1.37471105486032,0.272222611754796,8.78161572536541e-08,1.01882014789413e-06
"1408",28.5175468710517,1.84693087025302,0.371122776222432,8.98956353486118e-08,1.04203958889764e-06
"10413",71.1126900891734,1.17077837232628,0.230651687210453,9.5784956922247e-08,1.10359490091245e-06
"6403",49.7300282851203,1.31587128390693,0.261646146158078,1.02269305873075e-07,1.1752601885948e-06
"9738",47.4332587772363,1.4362974508738,0.28708529176195,1.03520113995796e-07,1.18758844448144e-06
"7677",65.5626750758181,1.25621569729383,0.251484074649425,1.28579370072199e-07,1.4525875999181e-06
"589",111.974691387773,1.02599658225878,0.204130587965076,1.52298940305944e-07,1.69049289647413e-06
"6201",36.1892863284332,1.58360719750064,0.324296310160546,1.71171355656801e-07,1.88429721713947e-06
"9511",16.8805903073159,2.51297213555313,0.521735149220476,1.73828649203495e-07,1.91197183649878e-06
"8646",80.3008886907995,1.02247579773953,0.2044075844524,1.76015904065668e-07,1.92993993250501e-06
"1518",40.3588354669412,1.41576193769064,0.289629668086826,1.88209121028831e-07,2.04986619817687e-06
"124",73.4266177424647,1.05204626662297,0.213979133459074,2.63694225512371e-07,2.81682014154207e-06
"713",54.6166864161693,1.22276652590566,0.251353440232621,2.72339298463776e-07,2.90451712238505e-06
"6818",27.6993231217824,2.01174057881603,0.42530213679388,2.74478704913922e-07,2.92499591131114e-06
"3475",32.2067037710682,1.68968550216053,0.354579395714729,2.8357802284865e-07,3.01473942696947e-06
"4140",35.7199118954408,1.54528749125253,0.32354426609565,2.92181479921832e-07,3.10126118147739e-06
"3115",33.5972805852549,1.57552565613889,0.33098021737606,3.13877231343587e-07,3.31309337071689e-06
"6003",50.5286599096435,1.36302582595648,0.284743440000503,3.33068466823319e-07,3.49630171861268e-06
"2807",24.7740697431411,1.77087794499201,0.375861975230505,3.41766427206526e-07,3.58196989142928e-06
"7641",62.1062513115371,1.20858154475543,0.251158191924111,3.55316282051454e-07,3.71814104716118e-06
"12424",19.1733582106537,2.29154269307336,0.490542878905314,3.72153078933219e-07,3.88214728626036e-06
"1455",59.2504601361539,1.25685963585807,0.262133662062505,3.75680782889954e-07,3.91588516040451e-06
"9675",71.2956689203145,1.03653838083122,0.214362305525207,4.02516007625504e-07,4.17927515466107e-06
"5415",22.9817191348759,1.85608586006214,0.398529419398835,4.26378550373122e-07,4.40646213716359e-06
"803",68.727680815781,1.04673233510029,0.217341547430467,4.31554756442928e-07,4.44961635275235e-06
"3303",62.9588341978397,1.05000694882638,0.219086273412063,4.9929222480904e-07,5.12388387723039e-06
"447",66.7453157154287,1.0913464539574,0.228646348814799,5.01697037023097e-07,5.14104598153775e-06
"6942",24.6005508766187,2.0829524712544,0.452264807936491,5.10250073680539e-07,5.2126772458237e-06
"4820",29.4551092554707,1.9480604604745,0.422963060177271,5.37171511689914e-07,5.47094832745559e-06
"10014",71.8937162354296,1.10490725880627,0.23259618985721,5.4489009699509e-07,5.54532698253889e-06
"778",68.3000109182145,1.11619824146845,0.23522260013654,5.62187086838955e-07,5.70829536727956e-06
"1835",70.4028658524223,1.10689948811544,0.233404545153766,5.80366893185203e-07,5.87500386105993e-06
"2643",71.6849114246432,1.20201943896037,0.258886980409674,7.86642801360866e-07,7.87350956920981e-06
"2263",30.2122625128298,1.54149918435069,0.337077584845129,7.89995095074791e-07,7.89521689774371e-06
"8138",25.5656031403205,1.7132388645014,0.37762274632519,8.36492346205414e-07,8.28543495402571e-06
"83",51.4117740063765,1.31665654571489,0.286193120154703,8.82334824455829e-07,8.70718286086514e-06
"10276",20.2233883998059,2.12992625601829,0.474948129423832,8.82181135489463e-07,8.70718286086514e-06
"6499",18.4511176605748,2.09412431171378,0.466519804027766,9.0147928257751e-07,8.88296646096687e-06
"736",35.8010747590952,1.56002139466452,0.345738981962796,9.93195776573816e-07,9.71496924563625e-06
"2797",36.1454673324677,1.47048287489285,0.326634762151473,1.07937036579233e-06,1.05193275532514e-05
"3406",32.5623893551348,1.55441532062007,0.346194684193911,1.19788331957893e-06,1.16065063542644e-05
"3009",64.1704788764994,1.07319828655322,0.233450097889932,1.24099134725363e-06,1.19720220933174e-05
"6800",68.2620058491017,1.06751370840959,0.232509016825198,1.2481993810876e-06,1.20241704999789e-05
"12825",33.4501948279227,1.70622766301137,0.385851998675706,1.29333933848637e-06,1.24320846210988e-05
"8801",73.0957708466074,1.13060247301924,0.247802113421458,1.30449824428562e-06,1.25213061692509e-05
"3012",15.0321477733042,4.80161281574777,1.01150058449398,1.59539464305959e-06,1.51069945547914e-05
"3726",21.3813406328875,2.04002852669294,0.467879927595158,1.60234753077252e-06,1.51620714578489e-05
"7691",32.7305636750851,1.54279595768117,0.348497867957354,1.60809050075439e-06,1.52056296676578e-05
"1670",32.4681692132807,1.6952333487315,0.389092515041399,1.71812764276119e-06,1.61545165678081e-05
"4072",20.4629076928367,1.9920528154642,0.459439754161138,1.80122001043892e-06,1.68172689847978e-05
"2782",64.3354977840969,1.09542425627282,0.243343864736088,1.87814994564529e-06,1.7428801309538e-05
"9451",17.9391552036813,2.22385187918361,0.521320777838463,1.95621606995452e-06,1.80997467443365e-05
"6117",46.0843197844247,1.61608499673441,0.371570747289595,1.9713559853384e-06,1.82019595545917e-05
"3571",33.0435948901053,1.54246546100056,0.352043015521851,1.97934585495721e-06,1.82504715942219e-05
"2651",57.3211951617212,1.2511345133633,0.282752795057575,2.03384193777452e-06,1.87141511267501e-05
"11834",69.4553366911255,1.11231228830729,0.249074676611428,2.18302297289042e-06,2.00040470496593e-05
"9460",34.9141988040866,1.49600622207684,0.344698504274403,2.33640941408784e-06,2.13217335176197e-05
"3671",10.589044003027,2.94458992281742,0.689955250904535,2.34247230933944e-06,2.13478589830647e-05
"1159",34.0610094590414,1.62937481811953,0.378682729508742,2.42055145939576e-06,2.19843414372078e-05
"2756",60.3203027711485,1.10640520435609,0.250214552883795,2.60583167810283e-06,2.34788718287593e-05
"2119",30.6297714989845,1.53116110562596,0.356372880037708,2.65209967169734e-06,2.38568613960258e-05
"11758",33.564907201407,1.38514831461178,0.320553177894891,2.97804528848711e-06,2.6612913756862e-05
"252",31.393949569544,1.42342025949867,0.331144135348965,3.08164114700681e-06,2.74284564265276e-05
"1898",30.4091875367295,1.47154221087946,0.343666904567384,3.23448816054905e-06,2.87337558125883e-05
"11747",39.3803851626505,1.29978838236656,0.300760779780204,3.23475500153707e-06,2.87337558125883e-05
"11099",21.9319910498142,1.80866714083365,0.430460844679602,3.5461719141672e-06,3.1312392904579e-05
"4131",23.6704067529518,1.67975744595565,0.398187494353292,3.60859917887178e-06,3.18425464580075e-05
"5799",38.8942855849897,1.45584839354326,0.342240445272332,3.65280998817263e-06,3.22113621032381e-05
"18",29.9558923814134,1.40220094324356,0.329684569030276,3.92529800706608e-06,3.44095440277764e-05
"3426",48.1816033150814,1.26195687625062,0.294820810015146,4.0766545314899e-06,3.56894519416918e-05
"4808",37.8920193173424,1.2433583236382,0.291575575779265,4.41383493649719e-06,3.84144720957244e-05
"864",39.6077734093547,1.40188547038974,0.332465230460295,4.53668393946351e-06,3.93041799482611e-05
"11042",41.9487962122709,1.24142477348423,0.292447196788926,4.82086581639126e-06,4.16310626034253e-05
"3809",30.8347495077653,1.69514739850275,0.413159737041686,5.50795115452202e-06,4.71373215546073e-05
"4258",43.7906353346223,1.15694541574069,0.273377790889167,5.70297318156848e-06,4.86955268899861e-05
"6569",83.5866020401423,1.16798314273814,0.276810228879951,5.80508158088634e-06,4.9489711471045e-05
"6023",53.0466442206568,1.06122240917178,0.249047835592694,5.8163865486516e-06,4.95544248608619e-05
"11347",48.5597963248919,1.13294891603242,0.267735292020056,5.87542393742452e-06,5.00254666069674e-05
"444",11.9194955917014,2.40239630322877,0.599289207612195,6.15210064230272e-06,5.22145844590349e-05
"10670",39.8892674136431,1.37267863040509,0.330923505475962,6.40306343733448e-06,5.42066449117491e-05
"15176",29.7828595582778,1.69589723786749,0.420298259338665,7.04823523746862e-06,5.92176036135431e-05
"3453",34.644547432229,1.33897363477023,0.324130678912086,7.19588658846534e-06,6.03820873354117e-05
"12372",12.8047028857882,2.33639009546125,0.585751774247763,7.37166641660753e-06,6.17793802326492e-05
"1683",33.5047849225263,1.30851926765115,0.317533692964809,7.5119899151824e-06,6.28182777659685e-05
"5460",49.9820861375562,1.21575738190658,0.292558403828431,7.5061816476535e-06,6.28182777659685e-05
"8169",66.269220709198,1.09776356792144,0.262208802989929,7.51446344734566e-06,6.28182777659685e-05
"1063",20.1603385943781,1.88238015647761,0.46926474287563,7.88725359975027e-06,6.5605821401414e-05
"7510",21.4572603343026,1.71010223884891,0.426711824273994,8.72297095414054e-06,7.20396971479277e-05
"8109",41.1880417803837,1.57828555013109,0.392457415145599,9.84573871824666e-06,8.09376746634916e-05
"7216",22.0965866820779,1.5772126853817,0.394805056543468,9.9044246856425e-06,8.13198979420568e-05
"7978",21.7846336174345,1.68083250141509,0.423262465873886,1.04473072441638e-05,8.5304757191942e-05
"6826",56.726621432138,1.05297329896928,0.254973863803348,1.06447311651609e-05,8.67045196615245e-05
"2394",29.5226328434329,1.5097063885843,0.377127724882584,1.07645674660262e-05,8.7520328538526e-05
"11798",51.8669542943393,1.04145921926352,0.252514179315742,1.08289803562928e-05,8.79368569164081e-05
"1918",18.7360809531199,2.05186173164235,0.524519655249958,1.08864477900271e-05,8.82406144167704e-05
"11130",32.9559877685386,1.43310693133971,0.358108567234472,1.12594397873969e-05,9.10458119567236e-05
"2325",28.2421516121868,1.593646182851,0.402689921077927,1.14500053147373e-05,9.24733480080052e-05
"1028",21.6969544742315,1.67816052759556,0.42729990588367,1.16024288339581e-05,9.36035732090465e-05
"4041",19.3105337890093,1.76323828755365,0.449931920564218,1.21924465776771e-05,9.78770290248905e-05
"7602",43.5041419138221,1.10911374510237,0.273008348062987,1.25412253551133e-05,0.000100495512725479
"11141",33.4804113936832,1.30765026259479,0.327085262246758,1.29250656504724e-05,0.000103261213118924
"8577",39.7397173117011,1.13648590664509,0.281255626271995,1.36289023369819e-05,0.00010842982407872
"3055",40.360955191156,1.33188713614247,0.334543004381657,1.4095900179869e-05,0.000111811831272183
"3650",46.037043503446,1.1649525454765,0.290864431632687,1.48264897973152e-05,0.000117119613307152
"398",27.0921353566383,1.37189740324441,0.347533334381515,1.48782779801987e-05,0.000117389701248853
"2564",37.2663034370263,1.3116395169758,0.331976340442907,1.56185118988693e-05,0.000122866854808204
"9238",18.3965065344722,2.10002186252751,0.553285274301807,1.56646597510575e-05,0.000123084741106366
"2364",31.1476743859102,1.26567060591494,0.320125545442465,1.60554978384172e-05,0.000125785350651886
"13919",29.1328688827736,1.49785305930838,0.384920345344644,1.60475251527788e-05,0.000125785350651886
"1852",48.8765962125417,1.1240161113972,0.281326432140832,1.72106919582267e-05,0.000134519655598513
"11969",35.7104952959576,1.24790064201916,0.316435000206064,1.76564266835593e-05,0.000137439932795828
"7220",44.9742327740933,1.12218651642093,0.282130594938232,1.77840306343742e-05,0.000138342799830737
"11376",61.1747192143104,1.05720981897185,0.264700318026315,1.8040061022759e-05,0.000140099239910157
"3021",39.3381167348989,1.20687317994593,0.305836857027361,1.82957274651085e-05,0.000141919532464812
"1817",64.4669374248959,1.00707189668115,0.250844832171912,1.84061563872206e-05,0.000142693165902555
"7961",9.656364445003,2.72023342292655,0.725273275006536,1.86705594072985e-05,0.000144574929548564
"325",41.8875498724431,1.07244053038298,0.269961936293925,1.90704596857139e-05,0.000147187380562772
"5",16.2255529078504,2.1327043016405,0.565833553240632,1.98676540498766e-05,0.000152429120375764
"9333",11.5610658043076,2.58181771761645,0.692457128873069,2.03470032911124e-05,0.000155837955172228
"8839",26.4880900134963,1.65894759934047,0.436340197257543,2.04778203809452e-05,0.000156660022662025
"11274",13.9938096011993,2.06601825379689,0.554233132096619,2.12981128067002e-05,0.000162562597864413
"7762",20.9733393375377,1.51865802608829,0.397619819391823,2.15730950831977e-05,0.0001644732769143
"9525",34.4891101451261,1.22661276655835,0.315274025532439,2.20414614556057e-05,0.000167660877275194
"14204",5.12659238668084,5.71820126577175,2.40162210406408,2.21766890198072e-05,0.000168593381710694
"11675",43.6399935320955,1.33192839024867,0.345914170755825,2.2292651013174e-05,0.000169185750749583
"638",48.5577042019762,1.152592469637,0.294380781970834,2.23757746471355e-05,0.000169720059887483
"7200",13.6576920861528,2.2503230835873,0.612066883093691,2.31911834689701e-05,0.000175605431238933
"10577",40.7621192185139,1.28602935829074,0.3340555160154,2.4459873369461e-05,0.00018468796292889
"4523",39.4028184130965,1.05620715671205,0.269966442623034,2.63168532233247e-05,0.000197813777862309
"2930",49.1139179550879,1.05514553648695,0.27010007011875,2.66857463336604e-05,0.00020047366418001
"10835",14.3205275966696,1.98564395627827,0.537829990098724,2.69340383957059e-05,0.000201997717973866
"11510",31.4219823589929,1.20355204293014,0.313062766921279,2.72728675330652e-05,0.000204309151390317
"10506",43.3583236730981,1.2453588610063,0.325801472409997,2.77305531969169e-05,0.000207272291738524
"4386",38.9988671096488,1.20382403669323,0.313752817474074,2.8262353700572e-05,0.000210774915077156
"13474",40.3279652746833,1.1149920752022,0.289008079981084,2.92507139231282e-05,0.000217416727109959
"6089",27.5556124185404,1.43146028142409,0.380599131064073,2.92678185418712e-05,0.000217422736628979
"6701",9.38371259769037,3.55517814431471,0.976037790130914,3.02912734057999e-05,0.000224276453818081
"2570",24.5475409091891,1.51773756925827,0.407526315127955,3.05475633133245e-05,0.000225838199423288
"12636",15.9590803137407,3.47480959393444,1.00171787551228,3.05529868055041e-05,0.000225838199423288
"9164",12.8630146477181,2.19191559548358,0.605425208131719,3.17741405011296e-05,0.000233957275146839
"1175",14.5185248400133,2.19123828288783,0.605858859249913,3.2287883491606e-05,0.000237117372897064
"3484",55.2153334440598,1.05962587585838,0.274968705905794,3.2292180074499e-05,0.000237117372897064
"13372",25.8737844484929,1.3587093735296,0.36161173361725,3.25734518866803e-05,0.000238919733409614
"2658",27.7866467867536,1.42214650222548,0.382162095158862,3.41859176036072e-05,0.000249785603870387
"11629",27.258972804102,1.29920561099452,0.347805103153617,3.75223497772774e-05,0.000272077821048063
"7949",29.903372339971,1.29084984532377,0.345160446553185,3.79662725925394e-05,0.000274848621231503
"5748",39.7963346829994,1.21137726278558,0.322820018221134,3.81896609873121e-05,0.000276315865993882
"7530",33.3118136696426,1.24197002779406,0.331230862593731,3.84202092195688e-05,0.00027768279057827
"12299",47.1665518166777,1.00903938489292,0.263969756652888,4.03350257806654e-05,0.000290577707324859
"8367",16.0101783672578,1.82840616485671,0.50801980281329,4.1606542760683e-05,0.000299091860729005
"4262",29.1337002353266,1.28861185393405,0.34683384178383,4.20334433919985e-05,0.000301835415358474
"5303",87.9652249460099,1.01968621419178,0.268780440570262,4.31539705238451e-05,0.000309382200284332
"2307",24.9437596902996,1.32305441211966,0.359093902445463,4.38966924209044e-05,0.000314200466888254
"6418",16.0108299036768,1.76308651674998,0.49098743732057,4.40056804745933e-05,0.000314811683052023
"1074",36.9689287396787,1.14008456631036,0.303707430771199,4.40297500064838e-05,0.000314815072125674
"2966",23.3190390185245,1.45643154100723,0.401380117029221,4.68125847682902e-05,0.000333818014953783
"8618",19.7218811245912,1.52980329972769,0.423269126280375,4.78499569126838e-05,0.00034085110791726
"4157",22.322329894267,1.39631686923851,0.382926331951388,4.79161145879542e-05,0.000341140235236118
"7076",28.425116103992,1.30808976029533,0.356583953651078,4.85366491847188e-05,0.000345005846256003
"6496",20.2999807745198,1.50192822529188,0.415055650827581,4.86035823624361e-05,0.000345297654887978
"8929",28.7529452123436,1.31341217299855,0.360892821094015,5.25402025741118e-05,0.000370642871769934
"245",44.0199907285212,1.01805471654163,0.272203322007646,5.43983351162836e-05,0.000381990835327082
"13042",8.44568644258025,3.06116753282185,0.89326020885442,5.55159318318204e-05,0.000389224152653783
"1888",31.4508821411005,1.17297935792333,0.319605868430975,5.73263807754468e-05,0.000400444278694247
"3765",17.0727887658292,1.69095732653318,0.486323550410106,6.46340931786366e-05,0.000447044101186817
"2386",26.7944262826488,1.33350086305611,0.372650741374521,6.63432061722363e-05,0.000457915704474898
"4977",42.5405301244338,1.03027058413995,0.2800006079688,6.74813477646833e-05,0.000464865809232936
"1612",53.8713014016071,1.15100915273343,0.317870791960312,6.93198851887906e-05,0.000476244030993226
"8274",37.0934092657814,1.17975340343453,0.327258486500212,7.31286911799074e-05,0.000499837601292175
"12067",42.1238709755961,1.17593726763822,0.326721962075856,7.33802724526738e-05,0.00050078751665656
"5074",46.1742085076969,1.03112081378827,0.28188609846344,7.41056242372529e-05,0.000504962838903692
"9955",8.71737520729804,2.40979936376357,0.708279217743106,7.51318464672596e-05,0.00051143321202356
"7785",17.390565774563,1.57182708521536,0.452613184405428,7.51764948484853e-05,0.000511476182696833
"5128",41.9463140221598,1.02792274377596,0.281723085309504,7.61283812184359e-05,0.000517688512852381
"1304",15.1835164457009,1.64129078643112,0.474274788426469,7.63066743819153e-05,0.000518636601937602
"8861",21.9677084222347,1.31504977074873,0.371677894360254,7.75936997356985e-05,0.000526847400444625
"2754",9.10560923795667,2.27969080640068,0.675982273010028,7.86133191174966e-05,0.000532686086168431
"8638",21.7854481980183,1.63247398229777,0.475045263536448,8.06065142294053e-05,0.000545361111992254
"14534",18.9686462832036,1.69691118130448,0.495701994900786,8.06788280574625e-05,0.000545508838222967
"10570",20.6452586210484,1.45058391662427,0.414638905091276,8.07601543451551e-05,0.000545570622416739
"13901",15.5393436032141,1.96038203713538,0.580735571756376,8.35551644941394e-05,0.000562458630010498
"2767",27.2425968336684,1.41620049457606,0.405625216963688,8.60245215963901e-05,0.000577914988488941
"394",28.7580711392329,1.29780861372144,0.37051742116604,9.18949519601804e-05,0.000613031224526363
"8283",32.1762270230525,1.21179710807098,0.343079310482226,9.30087439463546e-05,0.000619532032816906
"2098",32.7672559934703,1.08490883074557,0.303640225898709,9.34492008778409e-05,0.000622028698469426
"13207",35.705092403568,1.09738563740476,0.307549896142584,9.34768056086943e-05,0.000622028698469426
"5713",46.4377299827239,1.05714736165219,0.29498576453544,9.39618926980798e-05,0.000624944951334886
"11841",60.8243354187547,1.05659826112026,0.296021320025547,9.71017189023148e-05,0.000643902153874097
"9296",13.1234883360366,1.8888772103739,0.565388957779235,9.7991940247418e-05,0.00064948259651319
"830",30.3699294921956,1.42247465913285,0.415910906595783,0.000104284696690235,0.000686755391530657
"11533",15.2904201220988,1.56315159561056,0.461969436296771,0.000104805080666193,0.000689501669747706
"10703",12.8106308258171,1.9910315760419,0.598158498948905,0.000105928557256827,0.000696206310798317
"3136",39.3418973793171,1.03383070140408,0.290884904536926,0.000108643649746097,0.000712296597008566
"6425",6.12422326157168,3.59768648339908,1.08249342032686,0.0001113478277945,0.000728236626683438
"9948",34.6320209077471,1.18561550185559,0.340584740936223,0.000115995537331524,0.00075744095180374
"8345",19.4598007592399,1.4537253865523,0.42861455190296,0.000118172501626854,0.000769476582091499
"4393",11.1543509572078,1.96794287423642,0.601595334132978,0.000128755067196519,0.00083309898474101
"8329",72.6162838806629,1.02049564153959,0.288409656940758,0.000129058593725442,0.000833849761493876
"272",13.2759187262815,1.76084535401731,0.534989667252313,0.000129874486834475,0.000838309338822239
"5456",6.76128495689792,2.82522885967799,0.871670700863261,0.000132156290068939,0.000850568848094443
"7126",8.46653073660611,2.29752269917962,0.71518829430997,0.000134632294177422,0.000865252441673969
"5462",38.9318271555956,1.02980400756919,0.29430744780978,0.000134979001564784,0.000866788792566177
"1261",31.7249452527391,1.19089886223262,0.346211060384761,0.000135579296111429,0.00087008127403496
"5901",40.5867238218538,1.18774585678111,0.346705921968993,0.000137634133076102,0.000881572061210442
"4788",49.1183788798324,1.16032182589167,0.338375184380049,0.000147299217739018,0.000940768866957383
"11174",11.1394864154469,1.9260445703915,0.598275633842802,0.000147372048174064,0.00094078366829587
"7997",40.4687033458265,1.11636089293026,0.324474973745425,0.00015044816628532,0.000957671485963138
"10124",11.4881475843378,1.91209730816564,0.594734244513822,0.000151330767477277,0.000962830281202587
"8330",16.1445240189305,1.67505742912601,0.512949981555513,0.000151518913387029,0.000963567846715798
"6838",18.883861305979,1.44713210809943,0.438694666657862,0.000154212985704174,0.00097836883274612
"11786",34.9348980120424,1.06376907140199,0.308340468605207,0.000154800111215605,0.000981626940987929
"12397",22.9937047665068,1.46099433377395,0.443233162018868,0.000163618334690651,0.0010360682588717
"213",21.8723526818154,1.39148383066594,0.422052624643251,0.000166504520596054,0.00104994316525129
"5230",11.4932417180798,1.94476281698682,0.608369270289901,0.00016691612206466,0.00105195791241695
"10735",14.1159022471554,1.67716521766743,0.519876135076091,0.000168440862337856,0.00106056535408763
"2346",29.7919667892706,1.22883813980164,0.366908576732952,0.00016871723064265,0.00106180438265766
"7169",9.81318702542926,2.24191506130236,0.712081059894835,0.000170754648799628,0.00107361381917278
"1322",8.30771655764278,2.35463856052525,0.755798826171347,0.000171398028789375,0.00107613764710957
"10314",13.3222679547629,1.68728350693188,0.52592485266146,0.000182379092140719,0.00113865318078684
"5764",40.2560621979231,1.13657701057145,0.336325799064192,0.000182808424606656,0.00114005342632139
"10898",27.8447184308513,1.14779765045135,0.342153429065656,0.000187889629785358,0.0011700301021207
"7731",32.0479713419633,1.28320750685248,0.389411481989935,0.000191477253759603,0.00118933404081035
"9395",17.0399530439917,1.71109028346729,0.53749310491361,0.000192563987090236,0.00119552755502928
"1029",13.7436136143537,1.55302073118446,0.485854012063626,0.000203961836479959,0.00126089968494603
"7617",13.5977379440987,1.680556725398,0.532571394030147,0.000204038556423211,0.00126089968494603
"9198",17.1616601020702,1.41558103003506,0.438646685383416,0.00020763775016046,0.00128076877607067
"10412",13.7437067960291,2.0642182277834,0.671173761816108,0.000210451314112744,0.0012945327030393
"7636",26.1489084149659,1.12670727771778,0.33863216108589,0.000214588852533383,0.00131755382903838
"7936",50.5232766154752,1.07159619740179,0.319095235038068,0.000217537322312416,0.00133412268823645
"2254",32.7158890780777,1.12373028988466,0.338637700660629,0.000220778445817903,0.00135182470128612
"12492",12.3070032851893,1.91640757865214,0.612715131930803,0.000222327244768505,0.00136068353197312
"11829",15.7421283105131,1.71838027822407,0.550134699022393,0.000223684834364602,0.00136836453924462
"13929",6.89963689982629,5.57600908146411,2.70796391591166,0.000228696875008142,0.00139327566500394
"5999",10.1277716181183,1.81160237717855,0.58475452961538,0.000229781604021222,0.00139860682520582
"7876",11.9035082916497,1.85664560365208,0.59992883033255,0.000230952261767584,0.00140381096879413
"10569",11.5155588573346,1.83024217689239,0.590453390951704,0.000234700235015221,0.00142376633473251
"13952",25.4645632898604,1.42779979176653,0.450845093166279,0.000234768845481301,0.00142376633473251
"14460",24.7948245373487,1.20278135610743,0.368422119156673,0.000238879252486314,0.00144475384708631
"2618",21.611025998139,1.31842943455347,0.407247349899302,0.000239970010726129,0.00145003617894385
"14073",16.1834296963717,1.48500204059591,0.468633711676385,0.000243866916448222,0.00147091880617187
"74",25.2473501494576,1.16285825721346,0.354571522383788,0.000244083131032616,0.00147155767475696
"11671",34.2137514050056,1.02130096255376,0.305712216924842,0.000245085772887213,0.0014756021578796
"4321",28.0711638726805,1.17026733960125,0.358938644443504,0.000254970319720217,0.00152821833140482
"10392",43.749066521062,1.00595201876031,0.302561944486806,0.000260757622764366,0.00155730895385952
"6822",21.6235517344603,1.3897452335357,0.440204963993127,0.000279426203068404,0.00165619920095009
"10351",21.8708518593784,1.33544441422038,0.419890045065118,0.000279357180915387,0.00165619920095009
"8433",31.85379047211,1.16517701843887,0.361722739464009,0.000284066476561099,0.00168220813594238
"668",11.3486234435025,1.96353888359965,0.649656710148729,0.000284440313838522,0.00168367465272119
"4657",24.3528791767006,1.35477963337896,0.428778051928501,0.000289786628215619,0.00171456017456887
"10159",6.56074974830401,2.60992703787073,0.889778780624214,0.000301558973932793,0.00177633546587697
"2230",12.423237313064,1.81108794092353,0.605792572312692,0.000322279898024204,0.00188590280677146
"12269",25.4787024536467,1.42905703223273,0.462730147861099,0.000323763854254308,0.00189292609266476
"5752",16.4116675662383,1.40577687491684,0.454953986083867,0.000333427085225193,0.00194245691592898
"3114",28.4582787301939,1.17325366468037,0.368293483617624,0.000337547667875935,0.00196148126515711
"1303",33.1879152060335,1.02913422536177,0.318133401673211,0.000347595288112825,0.00201023681577863
"10763",17.4860159154208,1.68480050296594,0.564158822318825,0.000356459551601569,0.0020543772516061
"1638",29.7561201507426,1.26211422530859,0.405542860873391,0.000363104120103004,0.00208258939495558
"5875",16.9413493165881,1.75672795283506,0.599707866611716,0.000363500572803583,0.00208325800788033
"4763",24.4156450305943,1.18617120816384,0.37821430267572,0.000375136108983385,0.00213983153743323
"4027",37.0368703090846,1.08871887981979,0.342247455472922,0.000379377158080568,0.00216125108587145
"1515",21.0049316369893,1.31613098566254,0.425799157050455,0.000386862245278664,0.0022020119780324
"6514",24.8630841508104,1.26553347044724,0.408399422192467,0.000389978107195116,0.00221502252285962
"11692",10.1684168892481,2.17264150549549,0.751071916516369,0.000393009077593157,0.00222844331204755
"5285",28.413630974564,1.12593045336402,0.357532591777243,0.000396226877732882,0.00224382809962314
"3659",32.1021210556761,1.22066475013873,0.393797054073702,0.00039761969029845,0.0022498057285674
"7195",16.4695907472501,1.58784793536291,0.529329871057852,0.000401151989563033,0.00226690802403642
"3812",19.619032983517,1.4272090196785,0.469716790473061,0.000404935066234812,0.00228634940910066
"4050",34.7931972468224,1.15444695376044,0.369692155469099,0.000409182772189088,0.00230740344317279
"9733",16.379807826264,1.63891621518942,0.549162251418544,0.00041126541143332,0.0023181677732756
"7662",56.4606498701637,1.01363505371382,0.317138170694668,0.000413418752658309,0.00232546102228493
"8766",19.7010587830552,1.60614828947387,0.541062316375231,0.000413430785853684,0.00232546102228493
"5022",39.5534494860559,1.00807014663466,0.316932159569411,0.000420626002984699,0.00236294405550394
"4635",17.8464421766915,1.38141690362385,0.455744459466535,0.000421589842862529,0.00236736181964304
"1211",14.8440735355291,1.72210987577444,0.580920083178296,0.000422288658675322,0.00237028829787385
"8454",11.8477185677532,1.8817714563114,0.642964591971075,0.000429263854748609,0.00240438217886479
"5701",16.7757802339195,1.41580945626136,0.470581100128033,0.000429931325022764,0.00240711025533097
"6691",13.6942254102565,1.72180074334473,0.590277445996992,0.000437124030958919,0.00244374927632349
"3023",29.1716160730436,1.03310306574332,0.327172724543858,0.000446274544799176,0.00249233778849334
"2457",14.7055362992938,1.82105820001927,0.636843111588475,0.0004683814373001,0.00260598212529522
"874",28.9555897623214,1.07701346001424,0.345181977044629,0.000470251036171355,0.00261202719591932
"953",10.9099448639887,1.70344250036327,0.587500175994996,0.00048298513910739,0.00267607463703106
"1644",34.4174845894654,1.08120213409968,0.349477561175863,0.000529601959824728,0.0029063419871387
"5536",30.52592637307,1.05875916473895,0.342722586108847,0.000529833886216732,0.0029063419871387
"8738",20.9246297162722,1.38862313380087,0.47012129888949,0.00053020809449075,0.0029063419871387
"6119",6.83022476385048,2.63789097725273,0.929077104508866,0.000536375467545341,0.00292931702332785
"3605",21.4482083186539,1.34454480806838,0.453555483559564,0.000549773025258159,0.00299635281985064
"6925",7.34185117924355,2.08396766128009,0.747650475422115,0.000567336468027472,0.00308577381020079
"12806",15.688860129587,1.51605536505978,0.525080856788012,0.000571895056792878,0.00310803415386175
"3811",86.2584075941363,1.20617480616806,0.405363134613152,0.000575378384615509,0.0031244193762882
"14072",21.1570163407807,1.24848021375586,0.420116296557705,0.000577123636991799,0.00313262146653563
"9756",21.943456050819,1.22369620291813,0.408186205943472,0.000582207495858767,0.00315508221354495
"10379",26.0008131987954,1.18196174570307,0.392822924617376,0.00058379697821853,0.00316241140210785
"10440",32.5451205385338,1.00296652475628,0.324462788865431,0.000588274082924874,0.0031840782208453
"9732",25.4751338812087,1.25113657665231,0.42298507840361,0.000619830413219988,0.00334132419118427
"11759",20.8466825070883,1.2065301284681,0.405048088703813,0.000620199234855528,0.00334196211286044
"9437",13.05192670611,2.16528330349694,0.805837357182964,0.000622080086335524,0.00335074384815848
"1157",10.3831290911022,1.74874628618179,0.624170374170794,0.0006402135579414,0.00344285743250873
"1381",31.5756561184911,1.04032405199347,0.342688376676345,0.000656850886161584,0.003519560049465
"3121",18.2177074159637,1.34840580487069,0.467471162234573,0.000675589160431364,0.00360692700219098
"8729",18.4513965449038,1.21479774308643,0.413087105506042,0.00068405789153255,0.00364922046734397
"3436",34.302021458856,1.17003396543849,0.394532052779348,0.000696263136903976,0.00370719030342397
"10220",31.8870005066993,1.01777971368178,0.336489535807645,0.000701628612509401,0.00373250755506397
"6689",17.8587202711176,1.26635508255702,0.436098445680803,0.000713278391988223,0.00378542573822867
"4640",29.6094310663873,1.14348775214971,0.389387137158378,0.000749472743113579,0.00396332355870843
"6379",37.252666199453,1.03221012657122,0.345171716298253,0.000752756632045006,0.0039740986738956
"8225",18.8272126164425,1.20092724541958,0.412701529616273,0.000773949120092965,0.0040743597885332
"11616",14.9364859456615,1.39883270872645,0.498038709528257,0.00077710121996332,0.00408836138673132
"7950",20.511654903843,1.19981715568592,0.413758812701476,0.000780470980258719,0.00410123821134771
"8442",14.1725386172159,1.4893282184825,0.536553827366341,0.000795953094005586,0.00417109433630107
"15884",10.840557726598,2.11234780275967,0.783631078588002,0.000837605728075505,0.00437390826770387
"9093",5.48232210948483,2.83361225126852,1.05069771385902,0.00085065372483589,0.00443336796748455
"5391",16.0240898673157,1.45060282771639,0.522953405779701,0.000860030198841238,0.00447349821167244
"15388",3.37547383674032,5.02419946819663,2.83707659490152,0.000875237902359574,0.00454374478337799
"11840",20.128925035877,1.17331368923334,0.408504955236719,0.000880513942924806,0.00456225903941855
"5904",9.51072699534556,1.69879648301678,0.629333186270278,0.000880887523953167,0.00456242288221396
"12794",22.9356856609504,1.13616532989494,0.393913154782769,0.000903609029955856,0.00465121592502741
"8793",25.9184394307916,1.09551868940844,0.37689146138873,0.000909152731482183,0.00467259912810249
"8111",14.7047926720909,1.36123428533369,0.486634268229068,0.000913649168759476,0.00469203510761698
"5176",43.3118561196422,1.18364720918877,0.414181797915757,0.000918208660373108,0.00471363599334283
"6525",11.3388460598335,1.4835553034301,0.541709209147573,0.00092182806367857,0.00472624562357165
"11784",16.435766309982,1.63790089703778,0.616948446659322,0.000928734236375925,0.0047548626944465
"9674",21.0207958538796,1.09098881568744,0.377353466576838,0.000963691283983785,0.00490856780411
"6902",36.6504466506482,1.13526780932296,0.396143477628807,0.000972674963322627,0.00494925251090366
"2796",6.17469487253359,2.48492618208102,0.950411470470683,0.000992222654764149,0.00504313701328125
"5008",22.5112815552266,1.09758409591673,0.381987320289739,0.00100599963456955,0.00510150023733447
"3865",28.5068805016741,1.11251153445391,0.387953943472684,0.00102713023681967,0.00519483382094314
"9985",19.7630890823803,1.43670859606186,0.527552539293702,0.00103604100143543,0.00523593145498161
"8602",8.46884237020167,1.8233634637659,0.700835879733967,0.00104341752151929,0.00526921899020076
"3325",10.1195943153984,1.75735514694909,0.668332548592543,0.00105249247595036,0.00531102670731076
"2277",18.6844786704839,1.36043898071333,0.497273361324474,0.00107562958381245,0.00540962288215834
"12513",20.3766564998608,1.08836279454216,0.381375262459802,0.00107568052063904,0.00540962288215834
"4507",21.8659194047692,1.23297992789847,0.442284933100494,0.001081199736303,0.00543328319463451
"5922",21.4609626151242,1.18330722024322,0.422634837761618,0.00109250809910194,0.00548391386689919
"6784",28.9837044403515,1.06357358477164,0.372244978548245,0.00112386716976293,0.00562017832795239
"5333",10.2048345761543,2.20725002440695,0.908392786830698,0.00115199748453036,0.00574202395325074
"4257",10.6746111175575,1.89568270811333,0.72633911339013,0.00115756649802405,0.00576493177179426
"6209",7.290034236259,2.2562353307629,0.892919261878387,0.00120054161756799,0.00595229515480939
"6989",17.9988085332203,1.2297273303353,0.448367748652325,0.00120873048050959,0.00598844488338617
"9711",10.4241286247191,1.71399520445952,0.661468459182571,0.00122155443547366,0.0060474876727605
"11504",23.9587169434313,1.1189882234114,0.399153069209391,0.00123775309830763,0.00612313750004464
"4399",11.0607404439263,1.4351057728,0.544531327070339,0.001266480675416,0.00624903297758884
"12313",22.5908087005391,1.07846147439103,0.385357058304124,0.00129259746182922,0.00635908382585748
"10666",12.838007385763,1.50354559033652,0.576408535655819,0.00130814823129756,0.00642847650164718
"6309",10.0267709614354,1.69123361841815,0.657733479279148,0.00131641865667449,0.00646435690737985
"3105",26.7121958814522,1.13649896011655,0.411983006596354,0.00132608406823103,0.00650463736703617
"4007",11.4741263364075,1.53233208174932,0.59130419782317,0.00132583347404692,0.00650463736703617
"1293",16.3512687436996,1.32101410696163,0.497266472685447,0.00133509055943793,0.00653919906168167
"7478",23.8999798665438,1.1247374444637,0.406341607187411,0.00133810154698573,0.00655154159261784
"2151",20.1548256512864,1.19185246592639,0.436451270350868,0.00135125384085843,0.00660623992111878
"6444",13.9664536129749,1.26571268464236,0.471641069113377,0.00136989616714636,0.00668513338041946
"10275",14.4805217409742,1.45986923703498,0.55998251359343,0.00137518036817183,0.00670846671742176
"7546",17.3548596535735,1.24373750364874,0.46329858664485,0.00141865219546712,0.00689030127117668
"10232",11.3252682198829,1.63277328950263,0.64812923404769,0.00147976572305733,0.00716625563594589
"4063",21.0394050414267,1.08473050018212,0.398288586808623,0.00160398573705015,0.00768967937611325
"12282",18.1309014507136,1.13134767728207,0.420277202196059,0.00163420902571009,0.00782332860460139
"2106",6.54178651125556,1.92249258598125,0.803216977029286,0.00166136559485854,0.00794193470677272
"1098",19.3902125420439,1.3066694207804,0.504403366187466,0.00167089594086799,0.00797606212631867
"6739",15.8482771921451,1.14456926897939,0.428824605094344,0.00168583662414801,0.00804162754357625
"1667",18.866592795849,1.16802336576034,0.442127567281505,0.00174028250034357,0.00826882091153274
"8506",14.0274795776712,1.28557256587685,0.498729171906091,0.00176207942916372,0.00834860218178351
"203",21.4934175343716,1.02683448995238,0.378221935318304,0.00178271779749519,0.00843739654280981
"5503",22.8769668749766,1.0218409516513,0.375408850054222,0.00179184654230081,0.00846902292403996
"4093",7.32824839582283,1.81050906181454,0.750371087410918,0.00180762829155038,0.008528068127958
"5925",15.9169028087179,1.29368535949143,0.500891250793242,0.00183399237661914,0.00863108511070636
"8637",15.6110473877929,1.27183722062668,0.498626034464223,0.0018870972943692,0.00884978984234585
"12199",21.6937814013119,1.00193260938114,0.369899732208642,0.0018968413454493,0.0088923602357641
"2100",26.1207163283529,1.33679040643163,0.536813153098932,0.00197111684375073,0.00918569365327358
"11005",13.7291096168029,1.67980097970265,0.69491910473447,0.0019754947209424,0.00919645867648762
"7343",11.464379434825,1.51366097650343,0.617845933292508,0.00198887193826403,0.00924260863821618
"717",15.5598624853055,1.21836809320481,0.47481091153106,0.00200381072586175,0.00930554914878086
"5115",15.1949094065184,1.38960723265869,0.554714875383457,0.00205004398138816,0.00948723093988234
"6094",21.7497090913289,1.10639443422877,0.421354608273832,0.00206275408854339,0.00953943329266754
"4692",10.3616692753142,1.73311883436903,0.747349582935959,0.0021028013655871,0.00968101305026329
"2207",20.3248834228533,1.17254151177454,0.453662797795788,0.00212120413433679,0.00973550242873114
"8882",8.59799942737165,1.75856886018129,0.752693671866021,0.00213488179290497,0.0097780957366763
"1398",9.00930044847165,1.68376208745413,0.714414956536124,0.00214628658776588,0.00980340830331131
"10996",31.9148278679467,1.09711582932509,0.419021384159012,0.00217974498296289,0.00993921994623746
"5594",11.7920972222406,1.57528635726152,0.665355932078933,0.00219609331285965,0.0100069251981467
"1117",20.667172779956,1.18051471521707,0.463873408743184,0.00220916664431163,0.0100596250404115
"3103",14.6618335694043,1.34767145004974,0.546520948198674,0.00224274049384375,0.0102020605758143
"3572",21.7850680298607,1.07242291577969,0.411441464100832,0.00226828864022153,0.0103070107574992
"3976",20.7020415804986,1.15451354543725,0.449726037749158,0.00230406234221905,0.0104522782934357
"12534",12.6255755939728,1.4559676642977,0.60395655916097,0.00231035316325782,0.0104703573044109
"1695",20.6770619833131,1.0590922185756,0.405509284852295,0.00232111721205025,0.0105119979101067
"10631",7.54726779630326,1.94349747510371,0.848752259872681,0.00232802788166547,0.0105289993210782
"8492",8.64424900714564,1.64153765433666,0.703329457415071,0.00237732879808601,0.010712760990942
"11746",15.7089792817111,1.23309187753763,0.49381732999862,0.00241671514619369,0.0108748106173748
"1153",22.4890445200724,1.14469873556841,0.449944379200642,0.00243066453980898,0.0109338928827146
"5809",10.4950416851081,1.49875607926219,0.632155525242561,0.00244014273240456,0.0109691321885922
"86",9.75867198135817,1.51914474836481,0.648127183635985,0.00246178803521446,0.0110552594970822
"3967",19.9469912366899,1.00360407490708,0.384483505496897,0.00249509908014229,0.0111635184196038
"1949",14.0938387860232,1.25237050282566,0.508328232098053,0.0025260446281413,0.0112943992723395
"7002",9.28018727206711,1.58686894891745,0.684258362091634,0.00254015306136853,0.011349873457729
"8251",12.9814576256504,1.31584998079843,0.540458933713192,0.00255353904706204,0.0113900183116714
"12527",8.97530112535186,3.04413939424944,1.39310458600012,0.00255511353671357,0.0113900183116714
"3384",28.7357287455892,1.02601615898968,0.396877172000586,0.00256129854367107,0.0114087379800898
"1836",10.1375874547231,1.61773521811503,0.704469624030196,0.00257254711479824,0.0114333523003458
"10458",11.1012037171039,1.29607310801025,0.533319240368985,0.00257233738819192,0.0114333523003458
"12040",13.6040138945608,1.29618186247039,0.531973653019619,0.00258274690516192,0.0114748615413488
"1810",14.5140466626962,1.1957389294316,0.481194733980778,0.002593398900923,0.0115124958621245
"10861",7.82053178666397,1.64063379262937,0.725436172724569,0.00262205204424658,0.0116223981310093
"7512",8.94727928626033,1.54314543612095,0.665208118518701,0.00262314706959786,0.0116233903030802
"6367",12.60063797169,1.36294516334219,0.566086385776024,0.00262624989825169,0.0116332756117112
"9031",12.7920461155305,1.36218109109859,0.570000636694176,0.0026302912907698,0.0116473104551778
"990",5.38226479980676,2.58630339741832,1.20808695431931,0.00266301993589198,0.0117727011214946
"12275",14.943836867354,1.12382121896186,0.447409924009774,0.00266849105743324,0.0117929803538504
"8590",27.077818079498,1.13166371490372,0.454106103765399,0.00269022018457856,0.0118732774405052
"7938",11.7275700148938,1.41668134027718,0.600911723685577,0.00272157174182982,0.0120037058444607
"12197",4.25175152664875,2.56017577505583,1.20358738381345,0.00281226828591,0.0123465888353443
"9938",13.2401812302728,1.2835746358455,0.532481435746541,0.0028488362773945,0.0124702013166002
"11706",27.7435249538232,1.08364300675885,0.427697905386857,0.0028576966700333,0.012504883231087
"13500",4.67534373970252,4.15264345664175,3.14994900584427,0.00289737873077143,0.0126577691637042
"11475",22.3614105257161,1.12134338709386,0.449019900954678,0.00294135813897326,0.0128004961194651
"15611",2.96433166565482,4.28386554296366,3.22476493182049,0.00294156206732724,0.0128004961194651
"6603",15.9535364516629,1.16477402082587,0.474814355219868,0.002987830792921,0.0129680020947144
"8658",8.57868407546208,1.46565484264081,0.639768761165375,0.00303447870212517,0.0131661836890257
"6297",37.5159213947143,1.00653900909277,0.39684255730459,0.00305281052804215,0.0132285151234616
"7021",19.9568942992277,1.01574776101721,0.402005657599573,0.00307392077209166,0.0133027087062105
"1233",10.0783089684946,1.33993113748846,0.573366789781193,0.00308600162934804,0.0133420070443168
"10426",7.68680855810875,1.69750702947069,0.767825818024401,0.00310720489640894,0.0134162872905787
"3735",13.6284230500867,1.18559650967204,0.490131444543888,0.00315313812031035,0.013579460555578
"12908",2.47521452116469,4.13842399808171,3.10820836279492,0.00317268000959428,0.0136557852160017
"3391",28.7277978340413,1.08455678970912,0.44139834271416,0.00324712795774481,0.0139482231848781
"5490",15.0625129425573,1.09337753371902,0.444487926826223,0.00325350260944424,0.0139711077615723
"6021",22.8608575675873,1.03735464476889,0.415122342012103,0.00330406372969648,0.0141563321392455
"1136",4.21231997907052,3.1077444810858,1.75342356373436,0.00336139139551477,0.0143742576919738
"5343",14.1042796228522,1.21971919067834,0.512203710021594,0.00336716405672974,0.0143943296523192
"8331",16.5331380380227,1.09667312449558,0.450268991892373,0.00344594076237298,0.0146653083418119
"9122",7.3883382541013,1.59049069683934,0.726891216502463,0.00346195126505482,0.0147130339412333
"8310",6.68696474053151,1.80967672073279,0.839997522596753,0.00348220182024579,0.0147866125670654
"11780",25.7448321514578,1.00904706512389,0.404443128419478,0.00349803770588261,0.0148396880991688
"7335",6.011951912862,2.0196643675636,0.977831294375116,0.00350326390950623,0.0148559139302607
"295",10.6038020343613,1.3558094739892,0.594341840040782,0.00354172374236161,0.0149964069091046
"1057",21.1881110525094,1.12667895428141,0.469875604443104,0.0035587986818032,0.0150591474825938
"8984",7.69796563786492,1.49978467610273,0.682831179699895,0.003624910487786,0.015290406490054
"9978",16.4109413467383,1.10453719904924,0.458492319226718,0.0036353650148819,0.0153248151748987
"11002",8.47633239013528,1.61757951617178,0.750184546565372,0.00363698399641606,0.0153267973721361
"102",10.1416631785851,1.74016004497569,0.798891941696022,0.00366413395165334,0.0154217950630923
"525",7.99534884759684,1.67398588058128,0.771104462912683,0.00368993808679559,0.0155254348640892
"12409",19.063380057153,1.05809040342181,0.434085075507943,0.00369135312859215,0.0155264922577795
"7757",18.8143266011451,1.03615366523972,0.425538518177249,0.00369276135077593,0.0155275203095028
"8741",9.24373854665421,1.42866478044306,0.648025636233243,0.00369915860033776,0.0155495192330518
"2701",16.5363597379812,1.1752654784741,0.498834581475435,0.00374536895258434,0.0157338515634069
"6399",4.23129993865764,2.74660607088183,1.30684897093201,0.00375908654117464,0.0157815395318918
"4352",20.6065778646779,1.11767149844683,0.470717630743856,0.00377518146380928,0.0158316596202009
"4902",12.5926665810728,1.28275285205605,0.559446721804421,0.00377577131700488,0.0158316596202009
"4122",9.27633352646786,1.37481131293401,0.613310339553251,0.00379244531044694,0.0158816087043262
"3584",19.5843220074098,1.03108974680266,0.419610856230766,0.00379790408551777,0.0158937682695057
"6471",10.5459092316695,1.41952860401924,0.637762172528704,0.00382565745382482,0.0159705637512299
"14291",4.71474999314356,4.36695886802099,3.76421626827969,0.00386962237081374,0.0161238293789497
"14770",16.5430260463807,1.15431097462341,0.495006305200336,0.00393161629957239,0.0163362269289613
"11917",23.648107039054,1.03996721017349,0.432021327465946,0.00405591445503229,0.0167951615949847
"3874",20.1209529548441,1.05524750774459,0.438545786863387,0.00408306224426494,0.0168991139803494
"3687",16.2879041017543,1.01890675706132,0.422970573340003,0.00418532503900885,0.0172774154302154
"6658",7.49222932572811,1.62483606066493,0.775412498537807,0.00423192276304418,0.0174374038000418
"2264",18.2791489190449,1.0340578379436,0.430268659251553,0.0042409657511142,0.0174584896795327
"9943",8.52127892322025,1.42827892236075,0.656225170389794,0.00429707448435647,0.0176606654292441
"13356",6.08324396842833,2.11138628051855,1.08041626074248,0.0043165937620227,0.0177206135301252
"8289",4.69907185779769,1.9247058546205,0.964998827746153,0.00438041254243907,0.017932943891139
"2080",15.1875126063617,1.05091211443085,0.442932317155649,0.00438711418632124,0.0179493644507507
"457",16.4164313377996,1.05641806689129,0.445389441277966,0.00438901048578374,0.0179516179955018
"8193",16.345831501019,1.06270476841529,0.449013868805758,0.00442991597538792,0.0181022783900844
"1305",12.9362937209675,1.31487092222464,0.591379212851992,0.00443354621666347,0.0181115657142449
"1882",12.9778942073767,1.47131642131439,0.683526248163882,0.00452504523962245,0.0184597341811596
"9109",10.7637314947857,1.34633545936834,0.617875579134152,0.0045256925878109,0.0184597341811596
"7611",20.1596902484031,1.22417395609335,0.549423846032221,0.00455576408855326,0.0185653648349046
"9890",8.71947613562491,1.42200195543834,0.661602829921672,0.0045710731709849,0.0186106982750322
"5482",13.9615369370126,1.1307167282646,0.494729490568694,0.00464681681017426,0.0188845049897487
"14878",7.11056342182946,1.51069015939431,0.729438445666612,0.00467196587627771,0.0189693757520685
"2617",9.61387981246272,1.59960984163728,0.768687291768289,0.00476112066297737,0.0192785650638677
"5417",10.4494254546286,1.28376679452502,0.587004166514795,0.00480271850737193,0.0194313393351444
"4163",13.1199600722339,1.23755995153577,0.559930497904413,0.00487552290119448,0.0196939832115461
"884",8.02250045501109,1.46816668041744,0.704629575537946,0.00498162724493754,0.0200678957433444
"10985",18.7934236443497,1.03672435888834,0.446937138381038,0.00498739016404808,0.0200729289800089
"14797",2.50896949338072,3.83706590841089,3.69302754647231,0.00502452482660392,0.0201919307941414
"2368",6.61825628201714,1.52904067422122,0.753466053761087,0.00503392523236062,0.0202065889699022
"3168",9.90981471832162,1.28078230467994,0.596295558669805,0.00523754463509117,0.0209533194966676
"391",22.9805274432513,1.20937088176288,0.548642225723347,0.0052681547905363,0.0210568367930903
"1447",8.74320545847757,1.47133256580814,0.712195827422461,0.00530045911193936,0.02117327109925
"6951",13.4588173135792,1.3244651506032,0.621901343909123,0.00539183351431867,0.0214547696832806
"7566",8.32409300067185,1.44017572053448,0.701040952520696,0.00546879540835744,0.0216963034012206
"277",11.4060968129606,1.28731008791194,0.603973933895667,0.00549976963803987,0.0217997404963541
"1796",16.3976305474064,1.11809154031078,0.500777651874916,0.00551810648969472,0.0218594349125615
"3394",15.6232051608987,1.04026190723476,0.454351443919936,0.00555127481840699,0.021964741585761
"8043",7.26398018608165,1.48300775423408,0.740044352140918,0.00558071936521357,0.0220224660664536
"4216",18.1102673170315,1.01449842691557,0.442027417886123,0.00562344867913867,0.0221432341064171
"4784",10.3784641371767,1.32521073331629,0.634891307688555,0.00562122082112447,0.0221432341064171
"7954",21.9515057690293,1.36830497217671,0.684160338208232,0.00562448858349616,0.0221432341064171
"3972",7.31437672693376,1.72977919178765,0.873865929113281,0.00568269693442311,0.0223258370138613
"9248",20.7278770641167,1.00311407098472,0.435096481464624,0.00569686740671259,0.0223629572987975
"9191",15.5114177654686,1.01951373769341,0.447747319908064,0.00578343813130677,0.0226549123746021
"7037",14.249468159475,1.10285090760467,0.497090605176045,0.0058517824819801,0.0228823217686338
"4148",14.4017265582563,1.1317501934981,0.515191947771568,0.00593820954146931,0.0231795177595915
"8579",13.273808539869,1.18575963849173,0.548421232820594,0.00600959043105203,0.023403372892906
"9108",9.06889492829909,1.34377818582231,0.650345395540588,0.00604267103188365,0.0235047571158576
"6842",14.3089406659662,1.28278088555845,0.617115231550937,0.00605969153491003,0.0235566837054303
"4165",5.16399526728967,1.80941288417266,0.98965332716396,0.00628101878430054,0.0243325646399935
"10745",12.9581571479261,1.14399155877733,0.534255067826426,0.0062792574010797,0.0243325646399935
"1275",11.7671820388608,1.17499207272695,0.551937489474374,0.00630887229234529,0.0244262838434332
"3953",7.16879871362445,1.38208325188472,0.693006271586526,0.00635739886593763,0.0245571556657035
"10928",7.76689344048465,1.45455451317441,0.752023831420644,0.00643995214491062,0.0248042267659923
"9250",13.3237256337438,1.04698918646522,0.472674244780093,0.00646775414522312,0.0248887434787726
"5864",13.8351188978124,1.08674356458805,0.493506396641624,0.00648748526462786,0.0249441004036498
"10254",11.5228483516112,1.25738947674137,0.606821413440365,0.00650052901753626,0.0249870521901379
"3196",12.7769242023852,1.36575751665787,0.682407874975633,0.0065481379429127,0.0251536251320067
"7513",10.5604905088107,1.29341100092787,0.633046380574752,0.00655381716394438,0.0251556468933677
"11452",5.06473557022031,1.84676955140909,1.00053315329443,0.00678088411280408,0.0259164639114967
"10090",5.9356235231229,1.60041129572178,0.861444025071347,0.00680380375900131,0.0259880760814759
"5930",12.1646579091129,1.29850044560207,0.642953756719528,0.00690624160436768,0.0262927093010313
"9361",19.5006343982893,1.06239386821539,0.486675940337389,0.00700347007663935,0.0265681824744163
"3387",13.5309591062935,1.18861688846509,0.570305930207799,0.00708281278579006,0.0267929935321834
"10421",23.8821565889083,1.11375594637113,0.52740609029494,0.0071196999809754,0.0269096422510408
"8774",4.60082710274192,1.89121728272487,1.08157488019687,0.00713884031555769,0.0269667065374209
"11351",11.666534383851,1.19021604706239,0.578230735557052,0.00716855686858082,0.027038271312857
"12036",10.4609945642298,1.3583119256352,0.688196670300613,0.00717197138181689,0.027038271312857
"93",10.7950353845884,1.12072109615075,0.529344131325511,0.00717655012843263,0.0270478903428102
"1190",14.6102221286265,1.05803165044486,0.489747241804453,0.00720984066030998,0.0271273813000157
"3497",10.5585824805352,1.18403013300027,0.57805105775219,0.0073241837457991,0.0274955710569644
"12374",8.84990278387446,1.30617805410071,0.65606316005012,0.0074073059761075,0.0277685519340338
"5725",5.98308909257918,1.5661084937921,0.858561564780646,0.00748255095936779,0.0279877193439543
"7697",8.23495395871327,1.56291135723062,0.836449214740876,0.00753978717817902,0.0281623293760539
"12800",4.63452562622456,2.40591569248458,1.73681356872597,0.00769560389011957,0.0286720879927326
"9413",10.7054845464643,1.47409007259091,0.815596959153685,0.00775478413215828,0.0288603430659012
"12488",14.3068496864065,1.05373793315339,0.495998156861263,0.00786624182290622,0.0292018359491416
"13806",4.51217083532817,1.69482760255347,0.995040955527422,0.0078655360835153,0.0292018359491416
"9120",27.224026811014,1.02325983892075,0.478971237385634,0.00796213927174592,0.0294889667048437
"2999",20.7791916853,1.0258442653473,0.478254869027776,0.00803389060852923,0.0297002406481011
"12751",8.09477893306368,1.30399513030561,0.674273468393762,0.00805264343391247,0.0297497026335341
"15243",12.3913150891973,1.8204090847759,1.29553168834687,0.00814466803410872,0.030012810943537
"11792",8.42149281484694,1.29657071860357,0.682759788912651,0.00826484664389269,0.030368929750156
"10380",2.62068798485112,2.37362033921875,1.78385383254329,0.00828851020682604,0.0304307383542854
"1701",16.2450636290573,1.06823006693081,0.508041087640027,0.00830721283689512,0.0304742633778623
"10001",12.7244746822908,1.07438069241162,0.514786776829584,0.00833910383012261,0.0305660228850263
"9807",8.8667781343048,1.40249784864298,0.748213065961661,0.00845805289267068,0.030925552670324
"3979",11.9436297840762,1.08231416768098,0.521499777969698,0.0084639021240354,0.0309384608599672
"6069",5.55894167162142,1.52391179878151,0.881890093516299,0.0086959163461571,0.0316219449142622
"7484",7.34642055078576,1.33252680181847,0.709485976633488,0.00880486401133875,0.0319484622353227
"8595",13.8543695874878,1.04290555425035,0.50241661637972,0.0088292547115854,0.0320282534970017
"9481",13.6425137333882,1.03882087691854,0.502282265959315,0.00890907615698314,0.0322301773553333
"8307",11.0305182327351,1.09066290657348,0.534434633530579,0.00894430139202122,0.0323138015630509
"10333",22.0713165252549,1.11292987989275,0.555410566171073,0.00895995127843229,0.0323539928780742
"9636",14.6314412886535,1.0718695641872,0.52312114790508,0.00907825393484994,0.0327373315412991
"14202",3.37589952906764,2.30086033369432,1.91775586857848,0.00908836595743534,0.0327633014331538
"14341",7.59305935892845,1.27186868328854,0.674481903876859,0.00910767651205499,0.0328240464678114
"54",15.576468262239,1.01033082328962,0.491879791617994,0.00942382868657662,0.0338173002518303
"3415",11.1595522230783,1.18290783728783,0.60711538371149,0.00954119416317944,0.0341283143499035
"14985",10.753874273022,1.62975371709538,1.14024587713539,0.00960132226981153,0.0343114779378072
"2262",14.8640861211208,1.0598429525055,0.524381999059929,0.00963004028300047,0.0343999993188199
"4857",4.49134928303107,1.74609806569083,1.07700042482363,0.00974579431947117,0.0347669486124022
"7642",14.7917843705271,1.08997454606275,0.540126859150268,0.00976199408380591,0.0348061264206677
"8691",11.2719230397794,1.28293987867453,0.697954640299672,0.00992121738667742,0.035279552871282
"15830",3.9518540398278,1.14452226860967,3.05945850769632,0.0100005508849896,0.0355143332199978
"2530",3.45635646404109,2.20022880895516,1.40511261422614,0.0100216340982299,0.0355702692574043
"10927",8.01262484332025,1.3584704623531,0.751209422960987,0.0100628707914895,0.0356742096128405
"11495",6.5903237204611,1.35523804807011,0.775720452888723,0.0101090459063175,0.0358117007753274
"10135",8.0210524248552,1.54088198430678,0.958736908965612,0.0101429085856225,0.0358766400714144
"4189",8.69214439425036,1.35493794015488,0.753594544285683,0.0102490148121728,0.0362039596568731
"7279",5.37803623993042,1.52319541453949,0.956052278723451,0.0102980914643689,0.0363484487612725
"11933",11.6201541000599,1.19431651186832,0.629846786622365,0.0104177810200539,0.0366738876964534
"518",10.9092748983802,1.05907228354945,0.533181243851603,0.0104539661308083,0.0367915632068702
"5915",8.78983507983547,1.38220227744846,0.774682394919229,0.0105098905288424,0.0369396626543243
"4263",9.22426723010418,1.15393061997866,0.602921374352781,0.0105522600488422,0.0370485456135997
"11732",6.39319654538227,1.32705956174573,0.742010988636304,0.0105547535509888,0.0370485456135997
"9033",14.6373257704639,1.0593329316398,0.531454744131373,0.0106214291630333,0.0372531829372213
"2954",5.69075362194214,1.55574063945611,0.929688188480234,0.0106653419778022,0.0373777233170047
"265",16.9572342018461,1.02821797854058,0.510284033925771,0.0106896337486942,0.0374137181204297
"351",6.9736675000728,1.41183713791883,0.839514799126505,0.010740688247238,0.03757269601328
"1208",6.66352123226723,1.39017413538669,0.815786593736863,0.0110112318104875,0.0383281645748823
"9467",3.77975102828538,1.93967738138985,1.47918737493004,0.0111106960450609,0.0385837862137434
"11666",8.0031708115589,1.15435797057074,0.617375020285699,0.0112152039640373,0.0388556871690951
"8029",4.49209981873594,1.52769382015068,0.962627512012234,0.0112844710003752,0.0390449720142651
"465",4.30649530727121,1.84690919329736,1.24420717161846,0.0113015660905121,0.0390737224098503
"128",12.5423295480922,1.18676265977646,0.653258180532949,0.0114747576867165,0.0395802008935293
"11859",9.88643252778805,1.08901392894578,0.570115407605343,0.0115554931907161,0.0397969515102051
"10869",5.56701558199428,1.48278261285266,0.960243772966768,0.0115819140905989,0.0398673626926651
"767",6.75722496580882,1.33414828218126,0.769022238785416,0.0116266024277071,0.0399902370689529
"8631",7.58075370198658,1.31540602506774,0.75127991517863,0.0117172307045588,0.0402811883690345
"14836",12.0572664445024,1.09581307220172,0.584867581614823,0.0119264416478157,0.0408950358430113
"7538",10.1559214318575,1.21504987279742,0.675373887779191,0.0119694496318881,0.0409898349560192
"8588",9.40141039637201,1.20616274241818,0.670890369976189,0.0120503034688225,0.0412349702182688
"8813",8.13871260778038,1.27133169306446,0.725013806642387,0.0121858585303232,0.0416027954226132
"9777",14.7826220713591,1.01254709957596,0.519023123342603,0.0122833756946077,0.0418273106666575
"2381",3.50882209890403,1.79309363991421,1.2423793263807,0.0125014314609767,0.0423980931754833
"253",9.01674265011553,1.20424022595679,0.670999884686461,0.0126283893032247,0.0427092446346321
"13318",12.8647590568235,1.28658362553292,0.766116580855442,0.012710779820264,0.0429117470551525
"8806",6.3747621032258,1.54431223469069,1.15909743179552,0.0128574114939025,0.0433848214849891
"12747",14.2548591096144,1.06649982531505,0.573974431614777,0.013121901362682,0.0441655923261614
"4731",6.05432540000082,1.57829357275314,1.02767750440244,0.0131612775200835,0.044252633496365
"4202",6.95128187366351,1.26317184558133,0.740083727945316,0.0131735493342507,0.0442612679973743
"4638",4.42478426957577,1.59605976876968,1.06060073557771,0.0132035308457766,0.0443154943833051
"11145",3.95771009025443,1.74918970450977,1.22331528241246,0.0132474878120252,0.0444425402031784
"5986",14.5671377884673,1.07217450126194,0.574589792286326,0.0134547359915854,0.0449907487718628
"3895",4.6071348845639,1.7252018355371,1.19292895420674,0.013556349134943,0.0452737947830814
"3627",13.2388165861274,1.00239872672124,0.522928024457276,0.0136347977580908,0.0455130026741175
"9313",4.46557266968458,1.97936024360941,1.58197457289093,0.0139581786900697,0.0464066833000023
"3108",10.14572211444,1.01381412125611,0.537915085649835,0.0140162320594751,0.0465764802335035
"5833",5.67995004043854,1.29076012324798,0.794425188691031,0.0140692690884154,0.0467178168685014
"3862",6.28450576866711,1.29403750073207,0.79606792984355,0.0141924405154773,0.0470102857041646
"688",12.4280380854503,1.03355213775339,0.557954066793449,0.0143815896666792,0.0474596016158383
"5147",11.6671290606952,1.01979953192353,0.547475968210307,0.0143889875995156,0.0474722731337135
"2913",2.36899230844918,1.73447240037083,2.33316658942185,0.0145368024769722,0.0479125540137756
"12807",4.5008401014164,1.94086994909864,1.67506550949859,0.01471651701166,0.0483972812347961
"2006",2.215406344819,1.7523148838834,2.20433825879348,0.0147890153989119,0.048599764397114
"2056",6.7921686463107,1.2561696300844,0.762711722403267,0.0149823266079226,0.0490899316313614
"13966",2.90571340518271,1.59736098988906,2.57746744196292,0.0150277070378653,0.0492023723433618
